Action,Nose_X_1,Nose_Y_1,Nose_X_2,Nose_Y_2,Nose_X_3,Nose_Y_3,Neck_X_1,Neck_Y_1,Neck_X_2,Neck_Y_2,Neck_X_3,Neck_Y_3,RShoulder_X_1,RShoulder_Y_1,RShoulder_X_2,RShoulder_Y_2,RShoulder_X_3,RShoulder_Y_3,RElbow_X_1,RElbow_Y_1,RElbow_X_2,RElbow_Y_2,RElbow_X_3,RElbow_Y_3,RWrist_X_1,RWrist_Y_1,RWrist_X_2,RWrist_Y_2,RWrist_X_3,RWrist_Y_3,LShoulder_X_1,LShoulder_Y_1,LShoulder_X_2,LShoulder_Y_2,LShoulder_X_3,LShoulder_Y_3,LElbow_X_1,LElbow_Y_1,LElbow_X_2,LElbow_Y_2,LElbow_X_3,LElbow_Y_3,LWrist_X_1,LWrist_Y_1,LWrist_X_2,LWrist_Y_2,LWrist_X_3,LWrist_Y_3,RHip_X_1,RHip_Y_1,RHip_X_2,RHip_Y_2,RHip_X_3,RHip_Y_3,RKnee_X_1,RKnee_Y_1,RKnee_X_2,RKnee_Y_2,RKnee_X_3,RKnee_Y_3,RAnkle_X_1,RAnkle_Y_1,RAnkle_X_2,RAnkle_Y_2,RAnkle_X_3,RAnkle_Y_3,LHip_X_1,LHip_Y_1,LHip_X_2,LHip_Y_2,LHip_X_3,LHip_Y_3,LKnee_X_1,LKnee_Y_1,LKnee_X_2,LKnee_Y_2,LKnee_X_3,LKnee_Y_3,LAnkle_X_1,LAnkle_Y_1,LAnkle_X_2,LAnkle_Y_2,LAnkle_X_3,LAnkle_Y_3,REye_X_1,REye_Y_1,REye_X_2,REye_Y_2,REye_X_3,REye_Y_3,LEye_X_1,LEye_Y_1,LEye_X_2,LEye_Y_2,LEye_X_3,LEye_Y_3,REar_X_1,REar_Y_1,REar_X_2,REar_Y_2,REar_X_3,REar_Y_3,LEar_X_1,LEar_Y_1,LEar_X_2,LEar_Y_2,LEar_X_3,LEar_Y_3,Background_X_1,Background_Y_1,Background_X_2,Background_Y_2,Background_X_3,Background_Y_3
non-violent,632,164,632,164,632,164,608,211,608,211,608,211,585,211,585,211,585,211,538,234,538,234,538,234,585,281,585,281,585,281,655,211,655,211,655,211,655,258,655,258,655,258,632,281,632,281,632,281,585,305,585,305,585,305,608,399,608,399,608,399,608,469,608,469,608,469,632,305,632,305,632,305,679,375,679,375,679,375,679,469,679,469,679,469,632,164,632,164,632,164,632,164,632,164,632,164,608,164,608,164,608,164,655,164,655,164,655,164,23,0,23,0,23,0
non-violent,632,164,632,164,632,164,608,211,608,211,608,211,585,211,585,211,585,211,538,234,538,234,538,234,585,281,585,281,585,281,655,211,655,211,655,211,655,258,655,258,655,258,632,281,632,281,632,281,585,305,585,305,585,305,608,399,608,399,608,399,608,469,608,469,608,469,632,305,632,305,632,305,679,375,679,375,679,375,679,469,679,469,679,469,632,164,632,164,632,164,632,164,632,164,632,164,608,164,608,164,608,164,655,164,655,164,655,164,23,0,23,0,23,0
non-violent,632,164,632,164,632,164,608,211,608,211,608,211,585,211,585,211,585,211,538,234,538,234,538,234,585,281,585,281,585,281,655,211,655,211,655,211,655,258,655,258,655,258,632,281,632,281,632,281,585,305,585,305,585,305,608,399,608,399,608,399,608,469,608,469,608,469,632,305,632,305,632,305,679,375,679,375,679,375,679,469,679,469,679,469,632,164,632,164,632,164,632,164,632,164,632,164,608,164,608,164,608,164,655,164,655,164,655,164,23,0,23,0,23,0
non-violent,632,164,632,164,632,164,608,211,608,211,608,211,585,211,585,211,585,211,538,234,538,234,538,234,585,281,585,281,585,281,655,211,655,211,655,211,655,258,655,258,655,258,632,281,632,281,632,281,585,305,585,305,585,305,608,399,608,399,608,399,608,469,608,469,608,469,632,305,632,305,632,305,679,375,679,375,679,375,679,469,679,469,679,469,632,164,632,164,632,164,632,164,632,164,632,164,608,164,608,164,608,164,655,164,655,164,655,164,23,0,23,0,23,0
non-violent,632,164,632,164,632,164,608,211,608,211,608,211,585,211,585,211,585,211,538,234,538,234,538,234,585,281,585,281,585,281,655,211,655,211,655,211,655,258,655,258,655,258,632,281,632,281,632,281,585,305,585,305,585,305,608,399,608,399,608,399,608,469,608,469,608,469,632,305,632,305,632,305,679,375,679,375,679,375,679,469,679,469,679,469,632,164,632,164,632,164,632,164,632,164,632,164,608,164,608,164,608,164,655,164,655,164,655,164,23,0,23,0,23,0
non-violent,632,164,632,164,632,164,608,211,608,211,608,211,585,211,585,211,585,211,538,234,538,234,538,234,585,281,585,281,585,281,655,211,655,211,655,211,655,258,655,258,655,258,632,281,632,281,632,281,585,305,585,305,585,305,608,399,608,399,608,399,608,469,608,469,608,469,632,305,632,305,632,305,679,375,679,375,679,375,679,469,679,469,679,469,632,164,632,164,632,164,632,164,632,164,632,164,608,164,608,164,608,164,655,164,655,164,655,164,23,0,23,0,23,0
non-violent,632,164,632,164,632,164,608,211,608,211,608,211,585,211,585,211,585,211,538,234,538,234,538,234,585,281,585,281,585,281,655,211,655,211,655,211,655,258,655,258,655,258,632,281,632,281,632,281,585,305,585,305,585,305,608,399,608,399,608,399,608,469,608,469,608,469,632,305,632,305,632,305,679,375,679,375,679,375,679,469,679,469,679,469,632,164,632,164,632,164,632,164,632,164,632,164,608,164,608,164,608,164,655,164,655,164,655,164,23,0,23,0,23,0
non-violent,632,164,632,164,632,164,608,211,608,211,608,211,585,211,585,211,585,211,538,234,538,234,538,234,585,281,585,281,585,281,655,211,655,211,655,211,655,258,655,234,655,258,655,281,655,281,632,281,585,305,585,305,585,305,608,399,608,399,608,399,608,469,608,469,608,469,632,305,632,305,632,305,679,375,679,375,679,375,679,469,679,469,679,469,632,164,632,164,632,164,632,164,632,164,632,164,608,164,608,164,608,164,655,164,655,164,655,164,23,0,23,0,23,0
non-violent,632,164,632,164,632,164,608,211,608,211,608,211,585,211,585,211,585,211,538,234,538,234,538,234,585,281,585,281,585,281,655,211,655,211,655,211,655,258,655,234,655,258,632,281,655,281,632,281,585,305,585,305,585,305,608,399,608,399,608,399,608,469,608,469,608,469,632,305,632,305,632,305,679,375,679,375,679,375,679,469,679,469,679,469,632,164,632,164,632,164,632,164,632,164,632,164,608,164,608,164,608,164,655,164,655,164,655,164,23,0,23,0,23,0
non-violent,632,164,632,164,632,164,608,211,608,211,608,211,585,211,585,211,585,211,538,234,538,234,538,234,585,281,585,281,585,281,655,211,655,211,655,211,655,234,655,234,655,234,632,281,655,281,632,281,585,305,608,305,585,305,608,399,608,399,608,399,608,469,608,469,608,469,632,305,632,305,632,305,679,375,679,375,679,375,679,469,679,469,679,469,632,164,632,164,632,164,632,164,632,164,632,164,608,164,608,164,608,164,655,164,655,164,655,164,23,0,23,0,23,0
non-violent,632,164,632,164,632,164,608,211,608,211,608,211,585,211,585,211,585,211,538,234,538,234,538,234,585,281,585,281,585,281,655,211,655,211,655,211,655,234,655,234,655,234,632,281,632,281,632,281,608,305,608,305,608,305,608,399,608,399,608,399,608,469,608,469,608,469,632,305,632,305,632,305,679,375,679,375,679,375,679,469,679,469,679,469,632,164,632,164,632,164,632,164,632,164,632,164,608,164,608,164,608,164,655,164,655,164,655,164,23,0,23,0,23,0
non-violent,632,164,632,164,632,164,608,211,608,211,608,211,585,211,585,211,585,211,538,234,538,234,538,234,585,281,585,281,585,281,655,211,655,211,655,211,655,234,655,234,655,234,632,281,632,281,655,281,585,305,608,305,608,305,608,399,608,399,608,399,608,469,608,469,608,469,632,305,632,305,632,305,679,375,679,375,679,375,679,469,679,469,679,469,632,164,632,164,632,164,632,164,632,164,632,164,608,164,608,164,608,164,655,164,655,164,655,164,23,0,23,0,23,0
non-violent,632,164,632,164,632,164,608,211,608,211,608,211,585,211,585,211,585,211,538,234,538,234,538,234,585,281,585,281,585,281,655,211,655,211,655,211,655,234,655,234,655,258,632,281,632,281,632,281,585,305,585,305,585,305,608,399,608,399,608,399,608,469,608,469,608,469,632,305,632,305,632,305,679,375,679,375,679,375,679,469,679,469,679,469,632,164,632,164,632,164,632,164,632,164,632,164,608,164,608,164,608,164,655,164,655,164,655,164,23,0,23,0,23,0
non-violent,632,164,632,164,632,164,608,211,608,211,608,211,585,211,585,211,585,211,538,234,538,234,538,234,585,281,585,281,585,281,655,211,655,211,655,211,655,234,655,234,655,234,632,281,632,281,632,281,608,305,585,305,585,305,608,399,608,399,608,399,608,469,608,469,608,469,632,305,632,305,632,305,679,375,679,375,679,375,679,469,679,469,679,469,632,164,632,164,632,164,632,164,632,164,632,164,608,164,608,164,608,164,655,164,655,164,655,164,23,0,23,0,23,0
non-violent,632,164,632,164,632,164,608,211,608,211,608,211,585,211,585,211,585,211,538,234,538,234,538,234,585,281,585,281,585,281,655,211,655,211,655,211,655,234,655,234,655,234,632,281,632,281,632,281,585,305,585,305,585,305,608,399,608,399,608,399,608,469,608,469,608,469,632,305,632,305,632,305,679,375,679,375,679,375,679,469,679,469,679,469,632,164,632,164,632,164,632,164,632,164,632,164,608,164,608,164,608,164,655,164,655,164,655,164,23,0,23,0,23,0
non-violent,632,164,632,164,632,164,608,211,608,211,608,211,585,211,585,211,585,211,538,234,538,234,538,234,585,281,585,281,585,281,655,211,655,211,655,211,655,234,655,234,655,258,632,281,632,281,632,281,585,305,585,305,585,305,608,399,608,399,608,399,608,469,608,469,608,469,632,305,632,305,632,305,679,375,679,375,679,375,679,469,679,469,679,469,632,164,632,164,632,164,632,164,632,164,632,164,608,164,608,164,608,164,655,164,655,164,655,164,23,0,23,0,23,0
non-violent,632,164,632,164,632,164,608,211,608,211,608,211,585,211,585,211,585,211,538,234,538,234,538,234,585,281,585,281,585,281,655,211,655,211,655,211,655,234,655,234,655,258,632,281,632,281,632,281,585,305,585,305,585,305,608,399,608,399,608,399,608,469,608,469,608,469,632,305,632,305,632,305,679,375,679,375,679,375,679,469,679,469,679,469,632,164,632,164,632,164,632,164,632,164,632,164,608,164,608,164,608,164,655,164,655,164,655,164,23,0,23,0,23,0
non-violent,632,164,632,164,632,164,608,211,608,211,608,211,585,211,585,211,585,211,538,234,538,234,538,234,585,281,585,281,585,281,655,211,655,211,655,211,655,258,655,258,655,258,632,281,632,281,632,281,585,305,585,305,585,305,608,399,608,399,608,399,608,469,608,469,608,469,632,305,632,305,632,305,679,375,655,375,679,375,679,469,679,469,679,469,632,164,632,164,632,164,632,164,632,164,632,164,608,164,608,164,608,164,655,164,655,164,655,164,23,0,23,0,23,0
non-violent,632,164,632,164,632,164,608,211,608,211,608,211,585,211,585,211,585,211,538,234,538,234,538,234,585,281,585,281,585,281,655,211,655,211,655,211,655,258,655,258,655,234,632,281,632,281,632,281,585,305,585,305,585,305,608,399,608,399,608,399,608,469,608,469,608,469,632,305,632,305,632,305,655,375,679,375,679,375,679,469,679,469,679,469,632,164,632,164,632,164,632,164,632,164,632,164,608,164,608,164,608,164,655,164,655,164,655,164,23,0,23,0,23,0
non-violent,632,164,632,164,632,164,608,211,608,211,608,211,585,211,585,211,585,211,538,234,538,234,538,234,585,281,585,281,585,281,655,211,655,211,655,211,655,258,655,258,655,258,632,281,632,281,632,281,585,305,585,305,585,305,608,399,608,399,608,399,608,469,608,469,608,469,632,305,632,305,632,305,679,375,679,375,679,375,679,469,679,469,679,469,632,164,632,164,632,164,632,164,632,164,632,164,608,164,608,164,608,164,655,164,655,164,655,164,23,0,23,0,23,0
non-violent,632,164,632,164,632,164,608,211,608,211,608,211,585,211,585,211,585,211,538,234,538,234,538,234,585,281,585,281,585,281,655,211,655,211,655,211,655,258,655,258,655,258,632,281,632,281,632,281,585,305,585,305,585,305,608,399,608,399,608,399,608,469,608,469,608,469,632,305,632,305,632,305,679,375,679,375,679,375,679,469,679,469,679,469,632,164,632,164,632,164,632,164,632,164,632,164,608,164,608,164,608,164,655,164,655,164,655,164,23,0,23,0,23,0
non-violent,632,164,632,164,632,164,608,211,608,211,608,211,585,211,585,211,585,211,538,234,538,234,538,234,585,281,585,281,585,281,655,211,655,211,655,211,655,258,655,258,655,258,632,281,632,281,632,281,585,305,585,305,585,305,608,399,608,399,608,399,608,469,608,469,608,469,632,305,632,305,632,305,679,375,679,375,679,375,679,469,679,469,679,469,632,164,632,164,632,164,632,164,632,164,632,164,608,164,608,164,608,164,655,164,655,164,655,164,23,0,23,0,23,0
non-violent,632,164,632,164,632,164,608,211,608,211,608,211,585,211,585,211,585,211,538,234,538,234,538,234,585,281,585,281,585,281,655,211,655,211,655,211,655,258,655,258,655,258,632,281,632,281,632,281,585,305,585,305,585,305,608,399,608,399,608,399,608,469,608,469,608,469,632,305,632,305,632,305,679,375,679,375,679,375,679,469,679,469,679,469,632,164,632,164,632,164,632,164,632,164,632,164,608,164,608,164,608,164,655,164,655,164,655,164,23,0,23,0,23,0
non-violent,632,164,632,164,632,164,608,211,608,211,608,211,585,211,585,211,585,211,538,234,538,234,538,234,585,281,585,281,585,281,655,211,655,211,655,211,655,234,655,234,655,234,632,281,632,281,632,281,585,305,585,305,585,305,608,399,608,399,608,399,608,469,608,469,608,469,632,305,632,305,632,305,679,375,679,375,679,375,679,469,679,469,679,469,632,164,632,164,632,164,632,164,632,164,632,164,608,164,608,164,608,164,655,164,655,164,655,164,23,0,23,0,23,0
non-violent,632,164,632,164,632,164,608,211,608,211,608,211,585,211,585,211,585,211,538,234,538,234,538,234,585,281,585,281,585,281,655,211,655,211,655,211,655,234,655,258,655,258,632,281,632,281,632,281,585,305,585,305,585,305,608,399,608,399,608,399,608,469,608,469,608,469,632,305,632,305,632,305,679,375,679,375,679,375,679,469,679,469,679,469,632,164,632,164,632,164,632,164,632,164,632,164,608,164,608,164,608,164,655,164,655,164,655,164,23,0,23,0,23,0
non-violent,632,164,632,164,632,164,608,211,608,211,608,211,585,211,585,211,585,211,538,234,538,234,538,234,585,281,585,281,585,281,655,211,655,211,655,211,655,234,655,258,655,258,632,281,632,281,632,281,585,305,585,305,585,305,608,399,608,399,608,399,608,469,608,469,608,469,632,305,632,305,632,305,679,375,679,375,679,375,679,469,679,469,679,469,632,164,632,164,632,164,632,164,632,164,632,164,608,164,608,164,608,164,655,164,655,164,655,164,23,0,23,0,23,0
non-violent,632,164,632,164,632,164,608,211,608,211,608,211,585,211,585,211,585,211,538,234,538,234,538,234,585,281,585,281,585,281,655,211,655,211,655,211,655,258,655,258,655,258,632,281,632,281,632,281,585,305,585,305,585,305,608,399,608,399,608,399,608,469,608,469,608,469,632,305,632,305,632,305,679,375,679,375,679,375,679,469,679,469,679,469,632,164,632,164,632,164,632,164,632,164,632,164,608,164,608,164,608,164,655,164,655,164,655,164,23,0,23,0,23,0
non-violent,632,164,632,164,632,164,608,211,608,211,608,211,585,211,585,211,585,211,538,234,538,234,538,234,585,281,585,281,585,281,655,211,655,211,655,211,655,258,655,258,655,258,632,281,632,281,632,281,585,305,608,305,608,305,608,399,608,399,608,399,608,469,608,469,608,469,632,305,632,305,632,305,679,375,679,375,679,375,679,469,679,469,679,469,632,164,632,164,632,164,632,164,632,164,632,164,608,164,608,164,608,164,655,164,655,164,655,164,23,0,23,0,23,0
non-violent,632,164,632,164,632,164,608,211,608,211,608,211,585,211,585,211,585,211,538,234,538,234,538,234,585,281,585,281,585,281,655,211,655,211,655,211,655,234,655,234,655,258,632,281,632,281,632,281,608,305,608,305,608,305,608,399,608,399,608,399,608,469,608,469,608,469,632,305,632,305,632,305,679,375,679,375,679,375,679,469,679,469,679,469,632,164,632,164,632,164,632,164,632,164,632,164,608,164,608,164,608,164,655,164,655,164,655,164,23,0,23,0,23,0
non-violent,632,164,632,164,632,164,608,211,608,211,608,211,585,211,585,211,585,211,538,234,538,234,538,234,585,281,585,281,585,281,655,211,655,211,655,211,655,258,655,258,655,258,632,281,632,281,632,281,585,305,585,305,608,305,608,399,608,399,608,399,608,469,608,469,608,469,632,305,632,305,632,305,679,375,679,375,679,375,679,469,679,469,679,469,632,164,632,164,632,164,632,164,632,164,632,164,608,164,608,164,608,164,655,164,655,164,655,164,23,0,23,0,23,0
non-violent,632,164,632,164,632,164,608,211,608,211,608,211,585,211,585,211,585,211,538,234,538,234,538,234,585,281,585,281,585,281,655,211,655,211,655,211,655,234,655,258,655,258,632,281,632,281,632,281,608,305,585,305,585,305,608,399,608,399,608,399,608,469,608,469,608,469,632,305,632,305,632,305,679,375,679,375,679,375,679,469,679,469,679,469,632,164,632,164,632,164,632,164,632,164,632,164,608,164,608,164,608,164,655,164,655,164,655,164,23,0,23,0,23,0
non-violent,632,164,632,164,632,164,608,211,608,211,608,211,585,211,585,211,585,211,538,234,538,234,538,234,585,281,585,281,585,281,655,211,655,211,655,211,655,258,655,258,655,258,632,281,632,281,632,281,585,305,585,305,585,305,608,399,608,375,608,375,608,469,608,469,608,469,632,305,632,305,632,305,679,375,679,375,679,375,679,469,679,469,679,469,632,164,632,164,632,164,632,164,632,164,632,164,608,164,608,164,608,164,655,164,655,164,655,164,23,0,23,0,23,0
non-violent,632,164,632,164,632,164,608,211,608,211,608,211,585,211,585,211,585,211,538,234,538,234,538,234,585,281,585,281,585,281,655,211,655,211,655,211,655,258,655,258,655,258,632,281,632,281,632,281,585,305,585,305,608,305,608,399,608,399,608,399,608,469,608,469,608,469,632,305,632,305,632,305,679,375,679,375,679,375,679,469,679,469,679,469,632,164,632,164,632,164,632,164,632,164,632,164,608,164,608,164,608,164,655,164,655,164,655,164,23,0,561,680,23,0
non-violent,632,164,632,164,632,164,608,211,608,211,608,211,585,211,585,211,585,211,538,234,538,234,538,234,585,281,585,281,585,281,655,211,655,211,655,211,655,258,655,258,655,258,632,281,632,281,632,281,585,305,585,305,585,305,608,399,608,399,608,399,608,469,608,469,608,469,632,305,632,305,632,305,679,375,679,375,679,375,679,469,679,469,679,469,632,164,632,164,632,164,632,164,632,164,632,164,608,164,608,164,608,164,655,164,655,164,655,164,23,0,23,0,23,0
non-violent,632,164,632,164,632,164,608,211,608,211,608,211,585,211,585,211,585,211,538,234,538,234,538,234,585,281,585,281,585,281,655,211,655,211,655,211,655,258,655,258,655,258,632,281,632,281,632,281,585,305,585,305,585,305,608,399,608,399,608,399,608,469,608,469,608,469,632,305,632,305,632,305,679,375,679,375,679,375,679,469,679,469,679,469,632,164,632,164,632,164,632,164,632,164,632,164,608,164,608,164,608,164,655,164,655,164,655,164,23,0,23,0,23,0
non-violent,632,164,632,164,632,164,608,211,608,211,608,211,585,211,585,211,585,211,538,234,538,234,538,234,585,281,585,281,585,281,655,211,655,211,655,211,655,258,655,258,655,258,632,281,632,281,632,281,585,305,585,305,585,305,608,399,608,399,608,399,608,469,608,469,608,469,632,305,632,305,632,305,679,375,679,375,679,375,679,469,679,469,679,469,632,164,632,164,632,164,632,164,632,164,632,164,608,164,608,164,608,164,655,164,655,164,655,164,23,0,23,0,23,0
non-violent,632,164,632,164,632,164,608,211,608,211,608,211,585,211,585,211,585,211,538,234,538,234,538,234,585,281,585,281,585,281,655,211,655,211,655,211,655,258,655,258,655,258,632,281,632,281,632,281,585,305,585,305,585,305,608,399,608,399,608,399,608,469,608,469,608,469,632,305,632,305,632,305,679,375,679,375,679,375,679,469,679,469,679,469,632,164,632,164,632,164,632,164,632,164,632,164,608,164,608,164,608,164,655,164,655,164,655,164,23,0,23,0,23,0
non-violent,632,164,632,164,632,164,608,211,608,211,608,211,585,211,585,211,585,211,538,234,538,234,538,234,585,281,585,281,585,281,655,211,655,211,655,211,655,258,655,258,655,258,632,281,632,281,632,281,585,305,585,305,585,305,608,399,608,399,608,399,608,469,608,469,608,469,632,305,632,305,632,305,679,375,679,375,679,375,679,469,679,469,679,469,632,164,632,164,632,164,632,164,632,164,632,164,608,164,608,164,608,164,655,164,655,164,655,164,23,0,23,0,23,0
non-violent,632,164,632,164,632,164,608,211,608,211,608,211,585,211,585,211,585,211,538,234,538,234,538,234,585,281,585,281,585,281,655,211,655,211,655,211,655,258,655,258,655,258,632,281,632,281,632,281,585,305,585,305,585,305,608,399,608,399,608,399,608,469,608,469,608,469,632,305,632,305,632,305,679,375,679,375,679,375,679,469,679,469,679,469,632,164,632,164,632,164,632,164,632,164,632,164,608,164,608,164,608,164,655,164,655,164,655,164,23,0,23,0,23,0
non-violent,632,164,632,164,632,164,608,211,608,211,608,211,585,211,585,211,585,211,538,234,538,234,538,234,585,281,585,281,585,281,655,211,655,211,655,211,655,258,655,258,655,258,632,281,632,281,632,281,585,305,585,305,585,305,608,399,608,399,608,399,608,469,608,469,608,469,632,305,632,305,632,305,679,375,679,375,679,375,679,469,679,469,679,469,632,164,632,164,632,164,632,164,632,164,632,164,608,164,608,164,608,164,655,164,655,164,655,164,23,0,23,0,23,0
non-violent,632,164,632,164,632,164,608,211,608,211,608,211,585,211,585,211,585,211,538,234,538,234,538,234,585,281,585,281,585,281,655,211,655,211,655,211,655,258,655,258,655,258,632,281,632,281,632,281,585,305,608,305,608,305,608,399,608,399,608,399,608,469,608,469,608,469,632,305,632,305,632,305,679,375,679,375,679,375,679,469,679,469,679,469,632,164,632,164,632,164,632,164,632,164,632,164,608,164,608,164,608,164,632,164,655,164,655,164,23,0,23,0,23,0
non-violent,444,187,444,187,444,187,444,211,444,211,444,211,421,234,421,211,421,211,398,258,398,258,398,258,421,305,421,305,421,305,468,211,468,211,491,211,491,281,491,281,491,258,491,305,491,305,491,305,444,328,444,328,444,328,444,422,444,422,444,422,468,493,468,493,468,493,491,328,491,328,491,328,491,422,491,422,491,422,515,493,515,493,515,493,444,164,444,164,444,164,444,164,444,164,444,164,421,187,421,187,421,187,468,187,468,187,468,187,23,0,23,0,23,0
non-violent,444,187,444,187,444,187,444,211,444,211,444,211,421,211,421,211,421,211,398,258,398,258,398,258,421,305,0,0,421,305,491,211,468,211,491,211,491,258,491,258,491,258,491,305,491,305,491,305,444,328,444,328,444,328,444,422,444,422,444,422,468,516,468,493,468,516,491,328,491,328,491,328,491,422,491,422,491,422,515,493,515,493,515,493,444,164,444,164,444,164,444,164,444,164,444,164,421,187,421,187,421,187,468,187,468,187,468,187,23,0,23,0,23,0
non-violent,444,187,444,187,444,187,444,211,444,211,444,211,421,211,421,211,421,211,398,258,398,258,398,258,421,305,421,305,0,0,491,211,491,211,491,211,491,258,491,258,491,258,491,305,491,305,491,305,444,328,444,328,444,328,444,422,444,422,444,422,468,516,468,516,468,516,491,328,491,328,491,328,491,422,491,422,491,422,515,493,515,493,515,493,444,164,444,164,444,164,444,164,444,164,444,164,421,187,421,187,421,187,468,187,468,187,468,187,23,0,23,0,23,0
non-violent,444,187,444,187,444,187,444,211,444,211,444,211,421,211,421,211,421,211,398,258,398,258,398,258,0,0,421,305,0,0,491,211,491,211,491,211,491,258,491,281,491,258,491,305,491,305,491,305,444,328,444,328,444,328,444,422,444,422,444,422,468,516,468,516,468,516,491,328,491,328,491,328,491,422,491,422,491,422,515,493,515,493,515,493,444,164,444,164,444,164,444,164,468,164,444,164,421,187,421,187,421,187,468,187,468,187,468,187,23,0,23,0,23,0
non-violent,444,187,444,187,444,187,444,211,444,211,444,211,421,211,421,211,421,211,398,258,398,258,398,258,0,0,0,0,0,0,491,211,491,211,491,211,491,258,491,258,491,258,491,305,491,305,491,305,444,328,444,328,444,328,444,422,444,422,444,422,468,516,468,516,468,516,491,328,491,328,491,328,491,422,491,422,491,422,515,493,515,493,515,493,444,164,444,164,444,164,444,164,468,164,444,164,421,187,421,187,421,187,468,187,468,187,468,187,23,0,23,0,23,0
non-violent,444,187,444,187,444,187,444,211,444,211,444,211,421,211,421,211,421,211,398,258,398,258,398,258,421,305,421,305,421,305,491,211,491,211,491,211,491,258,491,258,491,258,491,305,491,305,491,305,444,328,444,328,444,328,444,422,444,422,444,422,468,516,468,516,468,516,491,328,491,328,491,328,491,422,491,422,491,422,515,493,515,493,515,493,444,164,444,164,444,164,468,164,468,164,468,164,421,187,421,187,421,187,468,187,468,187,468,187,23,0,23,0,23,0
non-violent,444,187,444,187,444,187,444,211,444,211,444,211,421,211,421,211,421,211,398,258,398,258,398,258,421,305,421,305,421,305,491,211,468,211,468,211,491,258,491,258,491,258,491,305,491,305,491,305,444,328,444,328,444,328,444,422,444,422,444,422,468,516,468,516,468,493,491,328,491,328,491,328,491,422,491,422,491,399,515,493,515,493,515,493,444,164,444,164,444,164,468,164,444,164,468,164,421,187,421,187,421,187,468,187,468,187,468,187,23,0,23,0,23,0
non-violent,444,187,444,187,444,187,444,211,444,211,444,211,421,211,421,211,421,211,398,258,398,258,398,258,421,305,421,305,421,305,491,211,468,211,491,211,491,258,491,258,491,281,491,305,491,305,491,305,444,328,444,328,444,328,444,422,444,422,444,422,468,493,468,493,468,493,491,328,491,328,491,328,491,399,491,399,491,399,515,493,515,493,515,493,444,164,444,164,444,164,468,164,468,164,444,164,421,187,421,187,421,187,468,187,468,187,468,187,23,0,23,0,23,0
non-violent,444,187,444,187,444,187,444,211,444,211,444,211,421,211,421,211,421,211,398,258,398,258,398,258,421,305,421,305,421,305,491,211,491,211,491,211,491,281,491,281,491,281,491,305,491,305,491,305,444,328,444,328,444,328,444,422,444,422,444,422,468,493,468,516,468,516,491,328,491,328,491,328,491,422,491,422,491,422,515,493,515,493,515,493,444,164,444,164,444,164,468,164,468,164,468,164,421,187,421,187,421,187,468,187,468,187,468,187,23,0,23,0,23,0
non-violent,444,187,444,187,444,187,444,211,444,211,444,211,421,211,421,211,421,211,398,258,398,258,398,258,421,305,421,305,421,305,491,211,491,211,491,211,491,258,491,258,491,258,491,305,491,305,491,305,444,328,444,328,444,328,444,422,444,422,444,422,468,493,468,493,468,493,491,328,491,328,491,328,491,422,491,422,491,422,515,493,515,493,515,493,444,164,444,164,444,164,468,164,468,164,444,164,421,187,421,187,421,187,468,187,468,187,468,187,23,0,23,0,23,0
non-violent,444,187,444,187,444,187,444,211,444,211,444,211,421,211,421,211,421,211,398,258,398,258,398,258,421,305,421,305,421,305,491,211,491,211,491,211,491,258,491,258,491,258,491,305,491,305,491,305,444,328,444,328,444,328,444,422,444,422,444,422,468,493,468,516,468,516,491,328,491,328,491,328,491,422,491,422,491,422,515,493,515,493,515,493,444,164,444,164,444,164,444,164,444,164,468,164,421,187,421,187,421,187,468,187,468,187,468,187,23,0,23,0,23,0
non-violent,444,187,444,187,444,187,444,211,444,211,444,211,421,211,421,211,421,211,398,281,398,258,398,258,421,305,421,305,421,305,491,211,491,211,491,211,491,258,491,258,491,258,491,305,491,305,491,305,444,328,444,328,444,328,444,422,444,422,444,422,468,516,468,516,468,493,491,328,491,328,491,328,491,422,491,422,491,399,515,493,515,493,515,493,444,164,444,164,444,164,444,164,468,164,468,164,421,187,421,187,421,187,468,187,468,187,468,187,23,0,23,0,23,0
non-violent,444,187,444,187,444,187,444,211,444,211,444,211,421,211,421,211,421,211,398,258,398,258,398,258,421,305,421,305,421,305,491,211,491,211,491,211,491,258,491,281,491,281,491,305,491,305,491,305,444,328,444,328,444,328,444,422,444,422,444,422,468,516,468,516,468,516,491,328,491,328,491,328,491,422,491,422,491,422,515,493,515,493,515,493,444,164,444,164,444,164,468,164,468,164,468,164,421,187,421,187,421,187,468,187,468,187,468,187,23,0,23,0,23,0
non-violent,444,187,444,187,444,187,444,211,444,211,444,211,421,211,421,211,421,211,421,281,398,258,421,281,421,305,421,305,421,305,491,211,491,211,491,211,491,281,491,281,491,281,491,305,491,305,491,305,444,328,444,328,444,328,444,422,444,422,444,422,468,516,468,516,468,516,491,328,491,328,491,328,491,422,491,422,491,422,515,493,515,493,515,493,444,164,444,164,444,164,468,164,468,164,468,164,421,187,421,187,421,187,468,187,468,187,468,187,23,0,23,0,23,0
non-violent,444,187,444,187,444,187,444,211,444,211,444,211,421,211,421,211,421,211,398,258,421,281,421,281,421,305,421,305,421,305,491,211,491,211,491,211,491,281,491,281,491,258,491,305,491,305,491,305,444,328,444,328,444,328,444,422,444,422,444,422,468,516,468,516,468,516,491,328,491,328,491,328,491,422,491,422,491,422,515,493,515,493,515,493,444,164,444,164,444,164,468,164,468,164,468,164,421,187,421,187,421,187,468,187,468,187,468,187,23,0,23,0,23,0
non-violent,444,187,444,187,444,187,444,211,444,211,444,211,421,211,421,211,421,211,421,281,398,258,421,281,421,305,421,305,421,305,491,211,468,211,491,211,491,258,491,258,491,258,491,305,491,305,491,305,444,328,444,328,444,328,444,422,444,422,444,422,468,516,468,516,468,516,491,328,491,328,491,328,491,422,491,422,491,422,515,493,515,493,515,493,444,164,444,164,444,164,468,164,468,164,468,164,421,187,421,187,421,187,468,187,468,187,468,187,23,0,23,0,23,0
non-violent,444,187,444,187,444,187,444,211,444,211,444,211,421,211,421,211,421,211,421,281,421,281,421,281,421,305,421,305,421,305,491,211,491,211,491,211,491,258,491,258,491,281,491,305,491,305,491,305,444,328,444,328,444,328,444,422,444,422,444,422,468,516,468,516,468,493,491,328,491,328,491,328,491,422,491,422,491,422,515,493,515,493,515,493,444,164,444,164,444,164,468,164,468,164,468,164,421,187,421,187,421,187,468,187,468,187,468,187,23,0,23,0,23,0
non-violent,444,187,444,187,444,187,444,211,444,211,444,211,421,211,421,211,421,211,421,281,421,281,421,281,421,305,421,305,421,305,491,211,491,211,491,211,491,281,491,281,491,281,491,305,491,305,491,305,444,328,444,328,444,328,444,422,444,422,444,422,468,493,468,493,468,493,491,328,491,328,491,328,491,422,491,422,491,422,515,493,515,493,515,493,444,164,444,164,444,164,468,164,468,164,468,164,421,187,421,187,421,187,468,187,468,187,468,187,23,0,23,0,23,0
non-violent,444,187,444,187,444,187,444,211,444,211,444,211,421,234,421,211,421,234,421,281,398,281,421,281,421,305,421,305,421,305,491,211,491,211,491,211,491,281,491,258,491,281,491,305,491,305,491,305,444,328,444,328,444,328,444,422,444,422,444,422,468,493,468,493,468,493,491,328,491,328,491,328,491,422,491,399,491,422,515,493,515,493,515,493,444,164,444,164,444,164,468,164,468,164,468,164,421,187,421,187,421,187,468,187,468,187,468,187,23,0,23,0,23,0
non-violent,444,187,444,187,444,187,444,211,444,211,444,211,421,234,421,234,421,234,398,281,398,281,421,281,421,305,421,305,421,305,491,211,491,211,491,211,491,281,491,281,491,281,491,305,491,305,491,305,444,328,444,328,444,328,444,422,444,422,444,422,468,493,468,493,468,516,491,328,491,328,491,328,491,422,491,422,491,422,515,493,515,493,515,493,444,164,444,164,444,187,468,164,468,164,468,187,421,187,421,187,421,187,468,187,468,187,468,187,23,0,23,0,23,0
non-violent,444,187,444,187,444,187,444,211,444,211,444,211,421,234,421,234,421,234,421,281,421,281,421,281,421,305,421,305,421,305,491,211,491,211,491,211,491,258,491,281,491,281,491,305,491,305,491,305,444,328,444,328,444,328,444,422,444,422,444,422,468,516,468,493,468,493,491,328,491,328,491,328,491,422,491,422,491,422,515,493,515,493,515,493,444,187,444,187,444,187,468,187,468,187,468,187,421,187,421,187,421,187,468,187,468,187,468,187,23,0,23,0,23,0
non-violent,444,187,444,187,444,187,444,211,444,211,444,211,421,234,421,234,421,234,421,281,421,281,398,258,421,305,421,305,421,305,491,211,491,211,491,211,491,281,491,281,491,281,491,305,491,305,491,305,444,328,444,328,444,328,444,422,444,422,444,422,468,493,468,493,468,516,491,328,491,328,491,328,491,422,491,422,491,422,515,493,515,493,515,493,444,187,444,187,444,187,468,187,468,187,468,187,421,187,421,187,421,187,468,187,468,187,468,187,23,0,23,0,23,0
non-violent,444,187,444,187,444,187,444,211,444,211,444,211,421,234,421,234,421,234,398,258,398,258,398,258,0,0,421,305,421,305,491,211,491,211,491,211,491,281,491,281,491,281,491,305,491,305,491,305,444,328,444,328,444,328,444,422,444,422,444,422,468,516,468,516,468,516,491,328,491,328,491,328,491,422,491,422,491,422,515,493,515,493,515,493,444,187,444,187,444,187,468,187,468,187,468,187,421,187,421,187,421,187,468,187,468,187,468,187,23,0,23,0,23,0
non-violent,444,187,444,187,444,187,444,211,444,211,444,211,421,234,421,234,421,234,398,258,398,258,398,258,421,305,421,305,421,305,491,211,491,211,491,211,491,281,491,281,491,281,491,305,491,305,491,305,444,328,444,328,444,328,444,422,444,422,444,422,468,516,468,516,468,516,491,328,491,328,491,328,491,422,491,422,491,422,515,493,515,493,515,493,444,187,444,187,444,187,468,187,468,187,468,187,421,187,421,187,421,187,468,187,468,187,468,187,23,0,23,0,23,0
non-violent,444,187,444,187,444,187,444,211,444,211,444,211,421,234,421,234,421,234,398,258,398,258,398,258,421,305,421,305,421,305,491,211,491,211,491,211,491,281,491,281,491,281,491,305,491,305,491,305,444,328,444,328,444,328,444,422,444,422,444,422,468,516,468,516,468,516,491,328,491,328,491,328,491,422,491,422,491,422,515,493,515,493,515,493,444,187,444,187,444,187,468,187,468,187,468,187,421,187,421,187,421,187,468,187,468,187,468,187,23,0,23,0,23,0
non-violent,444,187,444,187,444,187,444,211,444,211,444,211,421,234,421,234,421,234,398,258,398,258,421,281,421,305,421,305,421,305,491,211,491,211,491,211,491,281,491,281,491,281,491,305,491,305,491,305,444,328,444,328,444,328,444,422,444,422,444,422,468,516,468,516,468,516,491,328,491,328,491,328,491,422,491,422,491,422,515,493,515,493,515,493,444,187,444,187,444,187,468,187,468,187,468,187,421,187,421,187,421,187,468,187,468,187,468,187,23,0,23,0,23,0
non-violent,444,187,444,187,444,187,444,211,444,211,444,211,421,234,421,234,421,234,421,281,398,258,421,281,421,305,421,305,421,305,491,211,491,211,491,211,491,281,491,281,491,281,491,305,491,305,491,305,444,328,444,328,444,328,444,422,444,422,444,422,468,516,468,516,468,493,491,328,491,328,491,328,491,422,491,422,491,422,515,493,515,493,515,493,444,187,444,187,444,187,468,187,468,187,468,187,421,187,421,187,421,187,468,187,468,187,468,187,23,0,23,0,23,0
non-violent,444,187,444,187,444,187,444,234,444,234,444,234,421,234,421,234,421,234,421,281,421,281,421,281,421,328,421,328,421,328,491,211,491,211,491,211,491,281,491,281,491,281,491,305,491,305,491,305,444,328,444,328,444,328,444,422,444,422,444,422,468,516,468,516,468,493,491,328,491,328,491,328,491,422,491,422,491,422,515,493,515,493,515,493,444,187,444,187,444,187,468,187,468,187,468,187,421,187,421,187,421,187,468,187,468,187,468,187,23,0,23,0,23,0
non-violent,444,187,444,187,444,187,444,211,444,234,444,211,421,234,421,234,421,234,421,281,398,258,421,281,421,305,421,328,421,305,491,211,491,211,491,211,491,281,491,281,491,281,491,305,491,305,491,305,444,328,444,328,444,328,444,422,444,422,444,422,468,493,468,493,468,493,491,328,491,328,491,328,491,422,491,422,491,399,515,493,515,493,515,493,444,187,444,187,444,187,468,187,468,187,468,187,421,187,421,187,421,187,468,187,468,187,468,187,23,0,23,0,23,0
non-violent,444,187,444,187,444,187,444,211,444,211,444,211,421,234,421,234,421,234,421,281,421,281,421,281,421,328,421,305,421,305,491,211,491,211,491,211,491,281,491,281,491,281,491,305,491,305,491,305,444,328,444,328,444,328,444,422,444,422,444,422,468,493,468,493,468,493,491,328,491,328,491,328,491,399,491,399,491,422,515,493,515,493,515,493,444,187,444,187,444,187,468,187,468,187,468,187,421,187,421,187,421,187,468,187,468,187,468,187,23,0,23,0,23,0
non-violent,444,187,444,187,444,187,444,211,444,211,444,211,421,234,421,211,421,211,398,258,398,258,398,258,0,0,421,305,0,0,491,211,491,211,491,211,491,258,491,258,491,258,491,305,491,305,491,305,444,328,444,328,444,328,444,422,444,422,444,422,468,493,468,493,468,493,491,328,491,328,491,328,491,422,491,422,491,422,515,493,515,493,515,493,444,187,444,187,444,187,468,187,468,187,468,187,421,187,421,187,421,187,468,187,468,187,468,187,23,0,23,0,23,0
non-violent,444,187,444,187,444,187,444,211,444,211,444,211,421,211,421,234,421,234,398,258,398,258,398,258,421,305,421,305,421,305,468,211,491,211,491,211,491,258,491,258,491,258,491,305,491,305,491,305,444,328,444,328,444,328,444,422,444,422,444,422,468,516,468,516,444,516,491,328,491,328,491,328,491,422,491,422,491,422,515,493,515,493,515,493,444,187,444,187,444,187,468,187,468,187,468,187,421,187,421,187,421,187,468,187,468,187,468,187,23,0,23,0,23,0
non-violent,444,187,444,187,444,187,444,211,444,211,444,211,421,234,421,234,421,234,398,258,398,258,398,258,421,305,421,305,421,305,491,211,491,211,468,211,491,258,491,258,491,258,491,305,491,305,491,305,444,328,444,328,444,328,444,422,444,422,444,422,444,516,444,516,444,516,491,328,491,328,491,328,491,422,491,422,491,422,515,493,515,493,515,493,444,187,444,187,444,187,468,187,468,187,468,187,421,187,421,187,421,187,468,187,468,187,468,187,23,0,23,0,23,0
non-violent,444,187,444,187,444,187,444,211,444,211,444,211,421,234,421,234,421,234,398,258,421,281,421,281,421,305,421,305,421,305,468,211,468,211,468,211,491,258,491,258,491,258,491,305,491,305,491,305,444,328,444,328,444,328,444,422,444,422,444,422,444,516,444,516,468,516,491,328,491,328,491,328,491,422,491,422,491,422,515,493,515,493,515,493,444,187,444,187,444,187,468,187,468,187,468,187,421,187,421,187,421,187,468,187,468,187,468,187,23,0,23,0,23,0
non-violent,444,187,444,187,444,187,444,211,444,211,444,211,421,234,421,234,421,234,421,281,421,281,421,281,421,305,421,305,421,305,468,211,468,211,468,211,491,281,491,281,491,281,491,305,491,305,491,305,444,328,444,328,444,328,444,422,444,422,444,422,468,516,468,516,468,516,491,328,491,328,491,328,491,422,491,422,491,422,515,493,515,493,515,493,444,187,444,187,444,187,468,187,468,187,468,187,421,187,421,187,421,187,468,187,468,187,468,187,23,0,23,0,23,0
non-violent,444,187,444,187,444,187,444,211,444,211,444,211,421,234,421,234,421,234,421,281,421,281,421,281,421,305,421,305,421,305,468,211,468,211,468,211,491,258,491,281,491,281,491,305,491,305,491,305,444,328,444,328,444,328,444,422,444,422,444,422,468,516,468,516,468,516,491,328,491,328,468,328,491,422,491,422,491,422,515,493,515,493,515,493,444,187,444,187,444,187,468,187,468,187,468,187,421,187,421,187,421,187,468,187,468,187,468,187,23,0,23,0,23,0
non-violent,444,187,444,187,444,187,444,211,444,211,444,211,421,234,421,234,421,234,421,281,421,281,421,281,421,305,421,305,421,305,468,211,491,211,491,211,491,281,491,281,491,281,491,305,491,305,491,305,444,328,444,328,444,328,444,422,444,422,444,422,468,516,468,516,468,516,468,328,491,328,491,328,491,422,491,422,491,422,515,493,515,493,515,493,444,187,444,187,444,187,468,187,468,187,468,187,421,187,421,187,421,187,468,187,468,187,468,187,23,0,23,0,23,0
non-violent,444,187,444,187,444,187,444,211,444,211,444,211,421,234,421,234,421,234,421,281,421,281,398,258,421,305,421,305,421,305,491,211,491,211,491,211,491,281,491,281,491,281,491,305,491,305,491,305,444,328,444,328,444,328,444,422,444,422,444,422,468,516,468,516,468,516,491,328,491,328,491,328,491,422,491,422,491,422,515,516,515,516,515,516,444,187,444,187,444,187,468,187,468,187,468,187,421,187,421,187,421,187,468,187,468,187,468,187,23,0,23,0,23,0
non-violent,444,187,444,187,444,187,444,211,444,211,444,211,421,234,421,234,421,234,398,258,398,258,398,258,421,305,421,305,421,305,491,211,491,211,491,211,491,281,491,281,491,281,491,305,491,305,491,305,444,328,444,328,444,328,444,422,444,422,444,422,444,516,468,516,468,516,468,328,468,328,468,328,491,422,491,422,491,422,515,516,515,516,515,493,444,187,444,187,444,187,468,187,468,187,468,187,421,187,421,187,421,187,468,187,468,187,468,187,23,0,23,0,23,0
non-violent,444,187,444,187,444,187,444,211,444,211,444,211,421,234,421,234,421,234,421,281,421,281,421,281,421,305,421,305,421,305,491,211,491,211,491,211,491,281,491,281,491,281,491,305,491,305,491,305,444,328,444,328,444,328,444,422,444,422,444,422,468,516,468,516,468,516,468,328,468,328,468,328,491,422,491,422,491,422,515,493,515,493,515,516,444,187,444,187,444,187,468,187,468,187,468,187,421,187,421,187,421,187,468,187,468,187,468,187,23,0,23,0,23,0
non-violent,444,187,444,187,444,187,444,234,444,234,444,234,421,234,421,234,421,234,398,281,398,281,421,281,421,305,421,328,421,328,491,234,491,211,491,211,491,281,491,281,491,281,491,305,491,305,491,305,444,328,444,328,444,328,444,422,444,422,444,422,444,516,444,516,468,516,468,328,468,328,468,328,491,422,491,422,491,422,515,493,515,493,515,493,444,187,444,187,444,187,468,187,468,187,468,187,421,187,421,187,421,187,468,187,468,187,468,187,23,0,23,0,23,0
non-violent,0,0,0,0,0,0,983,845,983,845,983,845,983,868,983,845,983,845,1030,939,1030,939,1030,939,936,962,936,962,936,962,983,845,983,845,960,845,0,0,1030,939,889,892,0,0,0,0,866,939,1077,915,1077,915,1100,915,1006,1009,1006,1009,1006,1009,0,0,0,0,0,0,1123,892,1123,915,1123,915,1077,1033,1077,1033,1077,1033,0,0,0,0,0,0,0,0,0,0,0,0,0,0,0,0,0,0,0,0,0,0,0,0,0,0,0,0,0,0,23,0,23,0,23,0
non-violent,0,0,0,0,0,0,983,845,983,845,983,845,983,845,983,845,1006,821,1030,939,1030,939,1030,939,936,962,936,962,960,939,983,845,983,845,983,868,1030,939,1030,939,1030,939,0,0,0,0,960,962,1100,915,1100,915,1100,915,1006,1009,1006,1009,1006,1009,0,0,0,0,0,0,1123,892,1123,892,1123,892,1077,1033,1077,1033,1077,1033,0,0,0,0,0,0,0,0,0,0,0,0,0,0,0,0,0,0,0,0,0,0,0,0,913,892,0,0,913,868,23,0,23,0,23,0
non-violent,0,0,936,892,936,892,983,845,983,845,983,845,983,845,983,821,983,868,1030,939,1030,939,1030,939,936,962,960,962,960,962,960,868,960,868,983,821,1030,939,889,845,889,845,960,962,866,915,866,915,1100,915,1100,915,1100,915,1006,1009,1006,1009,1006,1009,0,0,0,0,0,0,1123,892,1123,892,1123,892,1077,1033,1077,1033,1077,1033,0,0,0,0,0,0,0,0,0,0,0,0,0,0,936,868,936,868,0,0,0,0,0,0,0,0,960,868,960,868,23,0,23,0,23,0
non-violent,936,868,936,868,0,0,983,845,983,845,983,845,983,868,960,868,983,821,1030,939,1030,939,1030,939,960,962,960,939,960,939,960,845,983,845,960,868,889,821,1030,939,1030,939,866,892,866,892,960,962,1100,915,1100,915,1100,915,1006,1009,1006,1009,1006,1009,0,0,0,0,0,0,1123,892,1123,892,1123,892,1077,1033,1077,1033,1077,1033,0,0,0,0,0,0,0,0,0,0,0,0,936,868,936,868,0,0,0,0,0,0,0,0,936,845,913,845,936,845,23,0,23,0,23,0
non-violent,0,0,913,845,913,868,983,845,983,845,983,845,983,821,960,868,983,892,1030,939,1030,939,1030,939,960,939,960,939,936,939,960,868,983,821,960,868,1030,939,889,798,889,798,960,962,842,868,842,868,1100,915,1100,915,1100,915,1006,1009,1006,1009,1006,1009,0,0,0,0,0,0,1123,892,1123,892,1123,892,1077,1033,1077,1009,1077,1009,0,0,0,0,0,0,0,0,913,845,913,845,0,0,913,845,913,845,0,0,913,845,0,0,936,845,936,821,936,821,23,0,23,0,23,0
non-violent,913,845,913,845,913,845,960,845,960,845,960,845,983,892,983,892,960,798,1030,939,1030,939,1053,939,936,962,936,962,936,962,960,868,960,868,960,892,889,798,1030,939,1030,939,842,868,842,892,842,892,1100,915,1100,892,1123,892,1006,1009,1006,1009,1006,1009,0,0,0,0,0,0,1123,892,1123,892,1123,892,1100,1009,1100,1009,1100,1009,0,0,0,0,0,0,913,845,889,845,0,0,913,845,913,845,913,845,936,845,936,845,936,821,936,821,913,845,936,845,23,0,23,0,23,0
non-violent,913,845,866,892,866,892,960,845,960,845,960,845,960,798,960,798,960,798,1053,939,889,821,1053,939,960,962,842,892,936,962,960,892,960,892,960,892,1030,939,1030,939,1030,939,936,962,936,962,936,962,1123,892,1123,892,1100,892,1006,1009,1006,1009,1006,1009,0,0,0,0,0,0,1123,892,1123,892,1123,892,1077,1009,1077,1009,1077,1009,1123,1056,1123,1056,1123,1056,0,0,0,0,0,0,0,0,0,0,889,868,0,0,0,0,0,0,936,845,913,845,913,845,23,0,23,0,23,0
non-violent,0,0,913,868,913,868,960,845,960,845,960,845,960,798,960,798,983,892,1030,939,1030,939,1030,939,960,962,960,962,936,962,960,892,960,892,960,892,1030,939,1030,939,889,845,866,915,866,915,866,915,1100,892,1100,892,1123,868,1006,1009,1006,1009,1006,1009,1100,1056,0,0,0,0,1123,892,1123,892,1123,892,1077,986,1077,986,1077,986,1123,1056,1123,1056,1123,1056,0,0,0,0,0,0,0,0,913,868,913,868,936,845,913,868,913,868,913,845,913,845,913,845,23,0,23,0,23,0
non-violent,913,868,936,868,936,868,960,845,960,845,960,845,983,892,960,892,960,892,1030,939,1030,939,1030,939,936,962,936,962,936,962,960,892,960,821,960,798,889,845,889,845,913,845,866,915,866,915,889,915,1100,892,1100,892,1100,892,1006,1009,1006,1009,1006,1009,0,0,0,0,0,0,1123,892,1123,892,1123,892,1077,986,1077,986,1077,1009,0,0,0,0,0,0,0,0,913,868,0,0,913,868,913,868,936,868,913,868,913,868,936,868,913,845,913,845,913,845,23,0,23,0,23,0
non-violent,0,0,0,0,0,0,960,845,960,845,960,845,960,892,983,892,960,798,1030,939,1030,939,1030,939,936,962,936,962,936,962,960,798,960,868,960,868,913,845,913,845,913,845,889,939,889,939,889,939,1100,892,1123,868,1123,868,1006,1009,1006,1009,1006,1009,0,0,0,0,0,0,1123,892,1123,892,1123,892,1077,1009,1077,1009,1077,1009,0,0,0,0,0,0,0,0,0,0,0,0,0,0,0,0,0,0,936,868,936,868,936,845,913,845,913,845,913,845,23,0,23,0,23,0
non-violent,0,0,0,0,0,0,960,845,960,845,960,845,960,798,960,798,960,798,1030,939,1030,939,1030,939,936,962,936,962,913,915,960,892,960,892,960,892,1030,939,1030,939,1030,939,889,915,936,962,936,962,1123,868,1123,868,1123,868,1006,1009,1006,1009,1006,1009,0,0,0,0,0,0,1123,892,1123,892,1123,892,1077,1009,1077,1009,1077,1009,0,0,0,0,1123,1056,0,0,0,0,0,0,0,0,0,0,0,0,960,821,0,0,0,0,913,845,913,845,913,845,23,0,23,0,23,0
non-violent,0,0,0,0,0,0,960,845,960,845,960,845,983,798,983,798,983,798,1030,939,1053,939,1053,939,936,962,913,915,889,915,960,892,960,892,960,892,1030,939,1030,939,1030,939,936,962,936,962,936,962,1147,868,1147,868,1147,868,1006,1009,1006,1009,1006,1009,0,0,0,0,0,0,1123,892,1123,892,1123,892,1077,986,1077,986,1053,986,1123,1056,1123,1056,1123,1056,0,0,0,0,0,0,0,0,0,0,0,0,0,0,0,0,0,0,913,845,913,845,913,845,23,0,23,0,23,0
non-violent,0,0,0,0,889,892,960,845,960,845,960,845,983,798,983,798,983,798,1053,939,1030,939,1053,939,889,915,913,915,913,915,960,892,960,892,960,892,1030,939,1030,939,1030,939,936,962,936,962,936,962,1147,868,1147,868,1147,868,1006,1009,1006,1009,1006,1009,0,0,0,0,0,0,1123,892,1123,892,1123,892,1053,986,1053,986,1053,986,1123,1056,1123,1056,1123,1056,0,0,0,0,0,0,0,0,0,0,913,892,0,0,0,0,0,0,913,845,913,845,913,845,23,0,23,0,23,0
non-violent,0,0,0,0,0,0,960,845,983,845,983,845,983,798,983,798,983,798,1030,939,1030,939,1030,939,889,915,889,915,889,915,960,868,960,868,960,892,1030,939,1030,939,1030,939,936,962,936,962,936,962,1123,868,1123,868,1123,868,1006,1009,1006,1009,1006,1009,0,0,0,0,0,0,1123,892,1123,892,1123,868,1053,986,1053,986,1053,986,1123,1056,1123,1056,1123,1056,0,0,0,0,0,0,0,0,0,0,0,0,936,845,960,821,936,845,913,845,936,845,913,845,23,0,23,0,23,0
non-violent,0,0,0,0,0,0,960,845,983,845,983,845,983,798,983,798,983,798,1030,939,1030,939,1030,939,889,915,889,915,889,915,960,868,960,868,960,868,1030,939,1030,939,1030,939,936,962,936,962,936,962,1100,892,1123,868,1123,868,1006,1009,1006,1009,1006,1009,0,0,0,0,0,0,1123,868,1123,892,1123,892,1053,986,1053,986,1053,986,1100,1056,1123,1056,1100,1056,0,0,0,0,0,0,0,0,0,0,0,0,936,821,936,845,936,845,913,845,936,845,936,845,23,0,23,0,23,0
non-violent,0,0,0,0,0,0,960,845,960,845,983,845,983,798,983,821,983,798,1030,939,1030,939,1030,939,936,962,936,962,889,915,960,868,960,868,960,868,1030,939,1030,939,1030,939,936,962,936,962,936,962,1100,892,1100,892,1123,868,1006,1009,1006,1009,1006,1009,0,0,0,0,0,0,1123,868,1123,892,1123,892,1053,986,1053,986,1053,986,1100,1056,1100,1056,1123,1056,0,0,0,0,0,0,0,0,0,0,0,0,936,845,936,845,936,845,913,845,936,845,936,845,23,0,23,0,23,0
non-violent,0,0,0,0,0,0,983,845,983,845,983,845,983,798,1006,821,1006,821,1030,939,1030,939,1030,939,936,962,889,915,889,915,960,868,960,868,960,892,1030,939,1030,939,1030,939,936,962,936,962,936,962,1123,868,1123,868,1123,868,1006,1009,1006,1009,1006,1009,0,0,0,0,0,0,1123,892,1123,892,1123,892,1053,986,1053,986,1053,986,1123,1056,1123,1056,1100,1056,0,0,0,0,0,0,0,0,0,0,0,0,936,845,960,821,960,821,936,845,936,845,913,845,23,0,23,0,23,0
non-violent,0,0,0,0,0,0,983,845,983,845,983,845,983,798,1006,821,983,798,1030,939,1030,939,1030,939,889,915,936,962,889,915,960,868,960,868,960,868,1030,939,1030,939,1030,939,936,962,936,962,936,962,1123,868,1123,868,1123,868,1006,1009,1006,1009,1006,1009,0,0,0,0,0,0,1123,892,1123,892,1123,892,1053,986,1053,986,1053,986,1123,1056,1100,1056,1123,1056,0,0,0,0,0,0,0,0,0,0,0,0,960,821,960,821,936,845,936,845,936,845,936,845,23,0,23,0,23,0
non-violent,0,0,0,0,0,0,983,845,983,845,983,845,983,798,983,798,983,798,1030,939,1030,939,1030,939,889,915,889,915,889,915,960,868,960,868,960,868,1030,939,1030,939,1030,939,936,962,936,962,936,962,1123,868,1123,868,1123,868,1006,1009,1006,1009,1006,1009,0,0,0,0,0,0,1123,892,1123,892,1123,892,1053,986,1053,986,1053,986,1123,1056,1123,1056,1123,1056,0,0,0,0,0,0,0,0,0,0,0,0,936,845,936,845,936,845,913,845,936,845,936,845,23,0,23,0,23,0
non-violent,0,0,0,0,913,892,983,845,983,845,960,845,983,798,983,798,983,798,1030,939,1053,939,1030,939,889,915,889,915,889,915,960,868,960,868,960,868,1030,939,1030,939,1030,939,936,962,936,962,936,962,1123,868,1123,868,1123,868,1006,1009,1006,1009,1006,1009,0,0,0,0,0,0,1123,868,1123,892,1123,892,1053,986,1053,986,1053,986,1123,1056,1123,1056,1123,1056,0,0,0,0,0,0,0,0,0,0,913,892,936,845,936,845,936,845,936,845,913,845,936,845,23,0,23,0,23,0
non-violent,913,892,913,892,889,892,983,845,983,845,983,845,983,821,983,821,983,821,1053,939,1053,939,1053,939,889,915,889,915,889,915,960,868,960,868,960,868,1030,939,1030,939,1030,939,936,962,936,962,936,962,1123,868,1123,868,1123,868,1006,1009,1006,1009,1006,1009,0,0,0,0,0,0,1123,892,1123,892,1123,892,1053,986,1053,986,1053,986,1123,1056,1123,1056,1123,1056,0,0,0,0,0,0,913,892,913,892,889,892,0,0,0,0,0,0,936,845,913,845,913,845,23,0,23,0,23,0
non-violent,0,0,889,892,889,915,983,845,983,845,960,845,983,821,983,798,983,798,1053,939,1053,939,1053,939,889,915,889,915,889,915,960,868,960,868,960,892,1030,939,1030,939,1030,939,936,962,936,962,936,962,1123,868,1123,868,1123,868,1006,1009,1006,1009,1006,1009,0,0,0,0,0,0,1123,892,1123,892,1123,892,1053,986,1053,986,1053,986,1123,1056,1123,1056,1123,1056,0,0,0,0,0,0,0,0,889,892,889,892,936,845,0,0,0,0,913,845,913,845,913,845,23,0,23,0,23,0
non-violent,889,892,889,892,0,0,960,845,960,845,960,845,983,798,983,821,983,821,1053,939,983,774,1053,939,936,962,983,774,0,0,960,892,960,892,960,892,1030,939,1030,939,1030,939,936,962,936,962,936,962,1123,868,1123,868,1123,868,1006,1009,1006,1009,1006,1009,0,0,0,0,0,0,1123,892,1123,892,1123,892,1053,986,1053,986,1053,986,1123,1056,1123,1056,1123,1056,0,0,0,0,0,0,889,892,889,892,889,892,0,0,936,821,0,0,913,868,913,868,913,868,23,0,23,0,23,0
non-violent,0,0,913,845,0,0,960,845,960,845,960,845,983,821,960,892,983,798,1053,939,1030,939,983,774,936,962,936,962,960,962,960,892,983,821,960,892,1030,939,983,774,1030,939,936,962,913,821,936,962,1100,892,1100,892,1123,868,1006,1009,1006,1009,1006,1009,0,0,0,0,0,0,1123,892,1123,892,1123,892,1053,986,1053,986,1053,986,1123,1056,1123,1056,1123,1056,0,0,913,845,0,0,0,0,913,845,0,0,0,0,936,845,913,845,913,845,936,845,913,845,23,0,23,0,23,0
non-violent,913,821,913,821,913,868,960,845,960,845,983,845,960,892,960,892,960,892,1030,939,1030,939,1030,939,936,962,936,962,936,962,983,821,983,821,983,821,983,774,983,774,1006,751,936,821,936,821,936,821,1077,915,1077,915,1077,915,1006,1009,1006,1009,1006,1009,0,0,0,0,0,0,1123,868,1123,868,1123,868,1077,986,1077,986,1077,986,1123,1056,1123,1056,1123,1056,913,821,913,821,913,868,913,821,913,821,913,868,913,845,913,845,913,868,936,821,936,821,936,821,23,0,23,0,23,0
non-violent,913,821,913,798,936,821,960,845,983,845,983,845,960,892,960,892,960,892,1030,939,1030,939,1030,939,936,962,936,962,936,962,983,821,983,798,983,798,1006,774,983,798,1030,774,936,798,936,798,960,798,1077,915,1077,915,1077,915,1006,1009,1006,1009,1006,1009,0,0,0,0,0,0,1123,868,1123,868,1123,868,1077,986,1077,986,1077,986,1123,1056,1123,1056,1147,1056,913,821,913,821,913,821,913,821,913,798,913,798,913,845,913,845,913,845,936,821,936,798,0,0,23,0,23,0,23,0
non-violent,936,821,936,821,936,798,983,845,983,845,983,845,960,868,960,868,960,868,1030,939,1030,939,1030,939,936,962,936,962,936,962,983,798,983,798,983,798,1006,774,983,774,983,774,960,798,936,798,936,798,1077,915,1100,915,1100,915,1006,1009,1006,1009,1006,1009,0,0,0,0,0,0,1123,868,1123,892,1147,868,1077,986,1077,986,1077,986,1147,1056,1170,1056,1194,1056,913,821,913,821,913,798,913,798,936,798,936,798,913,845,913,845,913,845,936,798,960,798,960,798,23,0,23,0,23,0
non-violent,936,798,936,798,936,798,983,845,983,845,983,845,960,868,960,868,960,868,1006,939,1006,939,1006,939,936,962,936,962,936,962,983,798,1006,798,983,798,983,751,1030,751,983,774,936,774,0,0,936,774,1100,915,1100,915,1100,915,1006,1009,1006,1009,1006,1009,1217,1056,1123,1056,1123,1056,1147,868,1147,868,1147,868,1077,986,1100,962,1100,962,1217,1056,1240,1033,1240,1009,936,821,936,798,936,798,936,798,936,798,936,798,936,845,936,845,936,845,960,798,0,0,0,0,23,0,23,0,23,0
non-violent,936,798,936,798,936,798,983,845,983,845,983,845,960,868,960,868,960,868,1006,939,1006,939,1006,939,936,962,936,962,936,962,1006,798,1006,798,1006,798,1077,727,1077,727,1077,751,1006,727,983,727,1006,727,1100,915,1100,915,1100,915,1006,1009,1006,1009,1006,1009,1147,1056,1147,1056,1147,1056,1147,868,1147,868,1147,868,1123,939,1123,939,1123,939,1264,986,1264,986,1264,962,936,798,936,798,936,798,936,798,936,798,936,798,936,845,936,845,936,845,0,0,0,0,0,0,23,0,23,0,23,0
non-violent,936,798,960,821,936,798,983,845,983,845,983,845,960,868,960,868,960,868,1030,939,1006,939,1006,939,936,962,936,962,936,962,1006,798,1006,798,983,798,1077,751,1053,751,1053,727,1006,727,1006,727,1006,727,1100,915,1100,915,1100,915,1006,1009,1006,1009,1006,1009,1147,1056,1147,1056,1147,1056,1147,868,1123,868,1147,868,1147,939,1147,915,1194,915,1264,962,1287,962,1311,939,936,798,936,821,936,798,936,798,936,798,936,798,936,845,936,845,913,845,0,0,0,0,0,0,23,0,23,0,23,0
non-violent,936,798,936,798,936,798,983,845,983,845,983,845,960,868,960,868,960,868,1006,939,1006,939,1006,939,936,962,936,962,936,962,983,798,983,798,983,798,1053,727,1053,727,1053,727,1006,704,1006,704,983,704,1100,915,1100,915,1100,915,1006,1009,1123,1033,1006,1009,1147,1056,0,0,1147,1056,1123,845,1123,845,1147,845,1194,892,1194,868,1194,868,1311,939,1311,939,1311,915,936,798,936,798,913,798,936,798,936,798,936,798,913,845,913,845,913,845,0,0,0,0,0,0,23,0,23,0,23,0
non-violent,936,798,936,798,936,798,983,845,983,845,983,845,960,868,960,868,960,868,1006,939,1006,939,1006,939,936,962,936,962,936,962,983,798,983,798,983,798,1053,727,1053,727,1053,751,1006,774,1006,774,1006,774,1123,915,1123,915,1123,892,1006,1009,1006,986,1030,986,1147,1056,1147,1056,1147,1056,1147,868,1123,845,1147,845,1194,845,1194,821,1194,821,1311,915,1311,915,1311,915,936,798,936,798,913,798,936,798,936,798,936,798,913,845,913,845,913,845,913,845,960,798,0,0,23,0,23,0,23,0
non-violent,936,798,936,798,936,798,960,845,960,845,983,845,960,868,960,868,960,868,1006,939,1006,939,1006,939,960,962,960,962,936,962,983,798,983,798,983,798,983,774,983,774,0,0,936,798,936,798,936,798,1123,915,1123,915,1123,892,1030,986,1030,986,1030,986,1147,1056,1147,1056,1147,1056,1147,845,1147,845,1147,845,1194,798,1194,798,1194,798,1287,892,1287,892,1287,892,913,798,913,798,913,798,936,798,936,798,936,798,913,845,913,845,913,845,0,0,0,0,0,0,23,0,23,0,23,0
non-violent,936,798,0,0,936,798,983,845,983,845,983,845,960,868,983,798,960,868,1006,939,1030,751,1006,939,936,962,936,939,936,939,983,798,960,868,983,798,1030,751,1006,939,1030,751,983,704,936,962,936,798,1123,892,1147,868,1123,892,1053,962,1053,939,1053,939,1147,1056,1170,1056,1170,1033,1147,845,1170,845,1170,845,1194,774,1194,774,1194,774,1264,868,1264,868,1264,868,913,798,0,0,936,798,936,798,0,0,936,798,913,845,936,821,913,845,0,0,913,868,0,0,23,0,23,0,23,0
non-violent,936,798,936,798,936,798,983,821,983,821,983,845,960,868,960,868,983,868,1030,939,1030,939,1030,939,936,939,936,939,936,939,983,798,983,798,983,798,1030,751,1030,751,1006,751,960,704,960,704,936,939,1123,892,1123,892,1123,868,1077,939,1077,915,1077,915,1170,1033,1170,1009,1194,1009,1170,845,1147,821,1147,821,1194,751,1194,751,1194,751,1264,868,1264,845,1264,845,936,798,913,798,936,798,936,798,936,798,936,798,913,821,913,845,913,821,0,0,0,0,0,0,23,0,23,0,23,0
non-violent,936,798,936,798,936,798,983,845,983,845,983,845,960,868,983,868,960,868,1030,939,1030,939,1030,939,936,939,936,939,936,939,983,798,983,798,983,798,1006,751,1030,751,1030,751,0,0,0,0,936,774,1123,892,1100,892,1123,892,1100,915,1100,915,1123,915,1194,986,1217,986,1240,986,1147,845,1147,845,1147,845,1194,751,1194,751,1194,727,1264,845,1264,845,1264,845,936,798,936,798,936,798,936,798,936,798,936,798,936,821,936,821,936,821,913,845,913,845,0,0,23,0,23,0,23,0
non-violent,936,798,936,798,936,798,983,845,983,845,983,821,960,868,960,868,960,868,1030,939,1030,939,1030,939,936,939,936,939,936,939,983,798,983,798,983,798,1030,751,1030,751,1030,751,936,774,960,704,983,727,1123,892,1123,892,1123,892,1123,892,1123,892,1123,892,1240,962,1240,962,1217,939,1147,845,1147,845,1147,821,1194,727,1194,727,1194,727,1264,845,1264,845,1264,821,936,798,936,798,936,798,936,798,936,798,936,798,936,821,936,821,936,821,0,0,0,0,0,0,23,0,23,0,23,0
non-violent,936,798,936,798,936,798,983,845,983,845,983,821,960,868,960,868,960,868,1006,939,1006,939,1030,939,936,962,936,939,936,939,983,798,1006,798,983,798,1030,751,1030,751,1030,751,0,0,960,727,960,727,1123,892,1123,892,1123,868,1123,868,1123,868,1147,868,1240,915,1240,915,1240,892,1123,821,1147,821,1147,821,1194,727,1194,727,1194,727,1264,821,1264,821,1264,821,936,798,936,798,936,798,936,798,936,798,936,798,913,821,913,845,913,845,0,0,0,0,0,0,23,0,23,0,23,0
non-violent,936,798,936,798,936,798,983,845,983,821,983,821,960,868,960,868,960,868,1030,939,1030,939,1030,939,960,939,936,962,960,939,983,798,983,798,983,798,1030,751,1030,751,1030,751,960,727,960,727,960,727,1123,868,1123,868,1123,868,1170,868,1170,868,1194,704,1240,892,1240,868,1240,868,1147,821,1147,821,1147,821,1194,727,1194,727,1194,704,1264,821,1264,821,1264,821,936,798,936,798,936,798,936,798,936,798,936,798,913,845,913,845,913,845,0,0,0,0,0,0,23,0,23,0,23,0
non-violent,936,798,936,798,936,798,983,845,983,845,983,845,983,868,983,868,983,868,1030,939,1030,939,1030,939,960,939,960,939,960,939,983,798,983,798,983,798,1030,751,1030,751,1030,751,960,727,983,727,960,727,1147,868,1147,845,1147,868,1147,821,1194,704,1147,821,1240,868,1240,868,1240,868,1147,821,1147,821,1147,821,1194,704,1194,704,1194,704,1264,821,1264,821,1264,821,936,798,936,798,936,798,936,798,936,798,936,798,913,845,913,845,913,845,913,845,913,845,913,845,23,0,23,0,23,0
non-violent,936,798,936,798,936,798,983,821,983,821,983,821,960,868,960,868,960,868,1030,939,1030,939,1030,939,960,939,960,939,960,939,983,798,983,798,983,798,1030,751,1030,751,1030,751,960,727,960,727,960,727,1147,868,1147,868,1147,868,1147,798,1147,798,1147,798,1240,845,1240,845,1240,845,1147,821,1147,821,1147,821,1217,704,1217,704,1217,704,1264,821,1264,821,1264,821,936,798,936,798,936,798,936,798,936,798,936,774,913,821,913,821,913,821,0,0,0,0,0,0,23,0,23,0,23,0
violent,0,0,0,0,0,0,1053,610,1053,586,1030,586,983,586,983,586,960,586,960,680,936,680,936,657,936,774,936,751,936,751,1100,633,1100,586,1100,586,1100,751,1100,727,1100,727,0,0,0,0,0,0,1030,563,1030,751,1006,563,0,0,0,0,1030,727,0,0,0,0,1006,774,1100,563,1100,751,1100,540,1123,751,1123,751,1100,751,0,0,0,0,0,0,0,0,0,0,0,0,0,0,0,0,0,0,0,0,1006,586,1006,586,0,0,1100,586,0,0,23,0,23,0,23,0
violent,0,0,0,0,0,0,1030,586,1030,633,1030,610,960,586,960,586,960,586,936,657,913,680,913,680,936,751,936,774,936,751,1100,563,1100,657,1100,633,0,0,1077,751,1077,727,0,0,1006,774,1006,774,1006,540,1006,540,983,540,1100,727,936,680,913,680,0,0,913,751,913,727,1077,540,1077,540,1053,563,1100,727,1100,727,1100,727,1006,774,1100,845,0,0,0,0,0,0,0,0,0,0,0,0,0,0,0,0,983,657,1006,633,0,0,1030,657,1030,657,23,0,23,0,23,0
violent,0,0,0,0,0,0,1006,610,1006,610,983,586,936,610,936,610,936,610,913,680,936,680,936,680,960,751,960,774,960,751,1077,610,1077,633,1053,586,1077,704,1077,727,1100,657,1030,751,1030,774,1077,751,983,516,983,516,960,516,913,680,936,680,913,680,913,727,913,727,913,727,1053,540,1030,540,1030,540,1077,727,1077,727,1077,657,1030,751,0,0,1077,751,0,0,0,0,0,0,0,0,0,0,0,0,983,610,983,633,983,610,1030,633,1030,633,1006,610,23,0,23,0,1006,986
violent,0,0,983,657,0,0,1006,586,1006,610,1006,610,936,586,913,610,913,610,889,680,889,680,889,680,913,727,913,727,913,727,1053,586,1077,586,1077,610,1100,657,1123,633,1077,704,1123,751,1147,704,1100,798,960,516,913,610,913,610,889,680,913,680,913,680,913,727,960,751,913,727,1030,540,1030,540,1030,540,1077,727,1077,704,1194,680,960,774,1100,821,0,0,0,0,0,0,0,0,0,0,0,0,0,0,983,610,983,610,983,633,0,0,1006,633,1006,633,983,986,23,0,1100,986
violent,0,0,0,0,0,0,1006,610,1006,586,1006,586,913,610,913,586,936,586,889,680,889,657,913,657,913,727,913,727,913,727,1077,610,1077,586,1077,586,1077,704,1100,704,1170,563,1100,798,1077,774,1240,586,913,610,960,516,960,586,913,680,913,657,913,657,913,727,960,774,913,727,1030,540,1053,563,1053,563,1194,680,1100,704,1100,680,0,0,1100,774,1100,751,0,0,0,0,0,0,0,0,0,0,0,0,983,633,983,610,983,586,1006,633,1006,610,1030,610,1100,986,1077,986,1100,986
violent,0,0,0,0,0,0,1006,563,1006,563,983,586,936,563,936,563,960,586,913,633,913,633,936,657,913,727,913,727,913,727,1077,563,1077,563,1006,586,1170,563,1170,540,0,0,1240,563,1264,540,983,680,983,586,983,586,983,516,936,657,936,657,936,680,960,751,960,751,936,727,1053,563,1077,540,1077,540,1100,657,1100,657,1100,633,1100,704,1100,704,1123,704,0,0,0,0,0,0,0,0,0,0,0,0,983,586,983,586,0,0,0,0,1006,586,0,0,23,0,23,0,23,0
violent,0,0,0,0,0,0,0,0,1006,586,0,0,0,0,960,586,0,0,0,0,936,657,0,0,913,727,960,751,0,0,0,0,1077,563,0,0,0,0,1170,563,0,0,0,0,1194,563,0,0,1077,540,983,563,1030,540,936,657,936,657,960,680,936,727,960,751,960,751,1077,540,1077,540,1100,540,936,657,1100,610,1123,610,960,751,1100,704,1100,704,0,0,0,0,0,0,0,0,0,0,0,0,0,0,0,0,0,0,0,0,0,0,0,0,23,0,23,0,23,0
violent,0,0,1006,657,1006,633,1030,563,1006,563,1006,563,960,563,960,563,936,586,960,633,936,657,936,657,983,680,960,751,960,751,1077,563,1077,563,1053,563,1123,610,1147,633,1123,657,1123,680,1194,751,1147,751,983,563,1006,493,1030,516,960,657,960,657,983,657,960,751,1006,751,1006,751,1077,540,1100,493,1100,493,1123,610,1123,657,1147,633,1123,680,1123,680,0,0,0,0,0,0,0,0,0,0,1006,633,1006,633,983,563,983,586,983,586,0,0,1006,610,1006,610,23,0,23,0,936,939
violent,1006,633,0,0,960,633,1006,563,983,563,960,563,936,586,913,563,913,586,936,657,936,657,936,657,960,751,936,751,936,751,1053,563,1053,563,1030,563,1123,657,1123,657,1123,657,1147,751,1147,751,1147,751,1030,493,983,610,983,586,983,657,960,657,960,657,1006,751,1006,751,1006,751,1100,493,1100,516,1100,516,1147,610,1147,586,1123,633,0,0,0,0,0,0,0,0,0,0,0,0,983,633,0,0,936,633,983,586,0,0,0,0,1006,610,983,586,983,586,1077,986,1077,986,1077,986
violent,1006,610,0,0,1006,633,983,563,983,563,983,563,913,563,913,563,913,586,913,657,913,657,936,680,936,751,936,751,936,751,1053,563,1053,563,1077,563,1123,610,1147,610,1123,633,1170,493,1194,704,1006,751,960,563,983,586,960,516,960,680,960,680,960,680,1006,751,1006,751,936,751,1077,516,1147,493,1053,516,1123,610,1147,610,1123,633,1006,751,0,0,1006,727,1006,610,0,0,0,0,0,0,0,0,1006,610,983,586,960,586,983,586,1006,586,983,586,1006,586,23,0,23,0,23,0
violent,1006,610,1006,633,0,0,1006,563,983,540,983,540,936,586,936,563,936,586,936,657,936,657,936,680,936,751,936,751,936,751,1077,540,1077,516,1006,563,0,0,0,0,1170,469,0,0,1006,633,1006,657,936,540,983,493,1006,469,983,657,983,657,983,657,1006,727,1006,751,1006,751,1053,516,1077,516,1077,493,1100,657,1100,680,1077,680,1217,563,1170,633,1123,727,983,586,0,0,0,0,1006,610,0,0,0,0,983,563,960,540,0,0,1006,563,0,0,0,0,23,0,23,0,1077,986
violent,0,0,0,0,0,0,983,563,1006,540,1030,563,936,586,960,563,960,586,960,680,960,657,960,657,936,751,936,774,960,751,1006,586,1100,493,1100,493,1194,422,1217,375,1147,422,0,0,0,0,1217,352,1006,469,1006,469,1006,493,983,657,983,657,983,657,1006,751,1006,751,1006,727,1077,493,1100,493,1077,493,1077,657,1077,657,1077,657,1100,774,1100,774,1100,774,0,0,0,0,0,0,0,0,0,0,0,0,0,0,0,0,1006,586,1006,586,1030,586,1030,586,1123,986,23,0,1030,986
violent,0,0,0,0,0,0,1030,563,1030,516,1030,540,960,586,960,563,960,563,960,657,960,657,960,657,960,751,960,727,960,751,1100,493,1100,493,1100,493,1147,422,1170,422,1170,422,1217,352,1217,352,1240,352,1006,493,1006,540,1030,493,983,657,983,633,1006,633,1006,727,1006,727,1006,727,1077,493,1100,493,1100,493,1077,657,1100,657,1100,657,1100,774,1100,751,1123,751,0,0,0,0,0,0,0,0,0,0,0,0,1006,586,1030,563,0,0,1030,586,1030,563,1030,563,1030,986,1030,986,1053,986
violent,0,0,0,0,0,0,1030,540,1030,540,1030,563,960,563,960,563,960,586,960,657,960,680,960,680,960,751,960,751,983,751,1053,563,1100,540,1053,586,1217,422,1147,469,0,0,1287,375,1170,469,1147,493,1030,540,1030,540,1030,540,1006,657,1006,657,1006,657,1006,751,1006,727,1006,751,1100,493,1100,516,1123,540,1123,657,1123,657,1147,657,1147,751,1170,751,1170,751,0,0,0,0,0,0,0,0,0,0,0,0,0,0,1006,586,983,586,1030,563,1053,586,1053,586,23,0,1053,986,23,0
violent,1053,633,1053,633,0,0,1030,586,1030,586,1053,586,983,586,983,610,983,586,983,680,983,680,983,680,960,774,960,751,960,774,1123,563,1123,563,1123,563,0,0,0,0,0,0,0,0,0,0,1147,610,1006,563,1030,563,1030,493,983,680,1006,680,1006,680,1006,751,1030,751,1030,774,1123,540,1123,563,1100,493,1147,657,1147,657,1147,657,1170,751,1170,751,1170,751,1030,633,0,0,0,0,1053,633,1053,633,0,0,1006,610,1006,610,1053,586,1053,610,1053,610,1077,586,1030,986,1006,986,23,0
violent,0,0,1030,704,1030,680,1053,586,1030,586,1030,586,983,610,960,586,983,633,960,680,1006,704,1006,704,960,774,1030,774,1030,774,1123,586,1100,586,1100,586,1217,633,1170,657,1147,704,1170,727,1147,798,1100,798,1053,493,1030,516,1030,493,1006,704,1006,680,1006,680,960,774,0,0,960,798,1100,516,1123,516,1123,516,1147,657,1147,633,1147,633,1030,774,0,0,0,0,0,0,1006,680,0,0,0,0,1053,657,1030,657,1006,610,983,610,1006,633,1053,610,1053,633,1053,633,1100,986,1100,962,23,0
violent,1030,680,1006,680,1006,680,1030,586,1030,610,1006,586,983,610,960,610,960,586,1006,704,1006,680,936,657,1030,774,1030,774,960,751,1100,586,1077,610,1077,610,1147,704,1123,727,1100,727,1100,798,1053,798,1030,774,1030,493,1030,516,1030,516,1006,680,1030,680,1030,680,960,798,960,774,1030,774,1123,516,1123,540,1123,516,1147,633,1147,633,1147,586,0,0,0,0,0,0,0,0,1006,680,0,0,1030,657,1006,680,983,657,1006,633,983,610,0,0,1053,633,1030,633,1006,633,23,0,23,0,23,0
violent,1006,657,0,0,0,0,1006,586,1006,586,1006,586,960,586,960,586,960,563,936,657,936,657,936,657,936,751,936,751,936,727,1053,586,1053,610,1053,586,1100,727,1100,704,1100,704,1030,774,1030,774,1077,798,1053,516,1030,540,1053,516,1030,657,1006,680,1030,680,1030,751,1030,774,1030,774,1123,516,1123,516,1123,516,1077,727,1170,563,1147,563,1030,774,1030,774,1053,798,0,0,0,0,0,0,983,657,0,0,983,633,0,0,0,0,0,0,1006,610,1006,586,1006,586,23,0,23,0,23,0
violent,983,633,1030,633,1030,633,1006,563,1006,563,1006,563,936,563,936,563,936,540,936,657,936,633,936,633,936,727,936,727,936,727,1053,586,1053,586,1077,586,1123,680,1123,657,1170,657,1123,798,1194,751,1240,704,1030,540,1053,516,1006,493,1030,680,1006,657,1006,657,1030,774,1030,774,1030,774,1123,516,1123,493,1123,493,1147,563,1147,586,1147,633,1147,422,1147,446,0,0,0,0,0,0,1006,633,983,633,983,633,1030,633,0,0,0,0,983,586,983,610,1006,586,1006,586,960,939,23,0,23,0
violent,1030,633,1030,610,1030,610,1006,563,1006,563,1006,540,936,540,936,563,936,563,936,657,936,657,936,657,936,727,936,751,936,727,1077,563,1053,563,1077,516,1170,610,1123,563,1170,540,0,0,1147,586,0,0,1006,540,983,516,1006,540,1006,657,1006,657,1006,680,1030,774,1030,774,1030,774,1100,516,1077,493,1077,493,1123,657,1100,680,1100,680,1287,657,1147,586,1311,540,0,0,0,0,1006,610,1030,610,1030,610,1030,586,1006,586,1006,586,1006,563,1030,586,1030,586,1030,563,23,0,23,0,23,0
violent,0,0,0,0,0,0,1006,540,1006,540,1030,516,960,540,960,540,960,516,936,633,936,633,936,633,936,727,936,727,936,727,1077,516,1030,540,1100,516,0,0,0,0,0,0,0,0,0,0,1147,493,1006,516,1006,516,1006,516,1006,680,1006,680,1006,657,1030,774,1030,774,1030,774,1100,516,1100,516,1077,493,1077,680,1077,680,1077,680,1123,774,1123,774,1100,774,0,0,0,0,0,0,0,0,0,0,0,0,0,0,0,0,0,0,0,0,0,0,0,0,1053,986,1053,986,1123,986
violent,0,0,0,0,0,0,1030,493,1053,493,1053,469,960,516,983,493,983,469,936,633,960,610,960,586,960,727,960,704,960,704,1100,493,1123,469,1123,469,1194,469,1194,446,1194,422,1240,446,1287,399,1264,399,1006,540,1006,540,1006,540,1006,657,1006,657,1006,657,1030,774,1030,774,1030,774,1100,540,1077,540,1077,540,1077,680,1077,680,1053,680,1077,774,1077,798,1077,798,0,0,0,0,0,0,0,0,0,0,0,0,1006,516,1030,493,1030,493,0,0,1053,516,0,0,1123,986,1053,986,1030,986
violent,0,0,0,0,0,0,1053,469,1030,469,1030,469,983,469,960,469,960,469,960,610,960,586,960,586,960,704,960,704,960,680,1100,446,1100,446,1100,446,1194,422,1194,422,1170,422,1264,375,1264,375,1264,375,1006,563,1006,563,1006,563,1006,680,1006,657,1006,657,1030,774,1030,774,1030,774,1077,540,1077,540,1077,540,1053,680,1053,680,1077,680,1077,798,1077,774,1077,774,0,0,0,0,0,0,0,0,0,0,0,0,1030,469,1030,469,1030,469,1053,493,1053,493,1053,493,1030,986,1030,986,1030,986
violent,0,0,0,0,0,0,1030,446,1030,446,1030,446,960,469,960,469,960,469,960,586,960,563,936,563,960,657,960,657,936,633,1100,446,1100,446,1100,446,1170,422,1194,422,1170,422,1240,399,1287,422,1170,422,1006,563,1006,563,1006,540,1006,657,1006,657,1006,657,1030,774,1030,774,1030,751,1077,563,1077,563,1077,540,1077,657,1077,657,1077,657,1077,774,1100,751,1100,727,0,0,0,0,0,0,0,0,0,0,0,0,1030,469,1030,469,983,469,1053,469,1053,469,1053,469,983,986,960,962,1030,986
violent,1030,469,1030,469,1030,469,1030,446,1030,446,1030,422,960,446,960,446,960,446,936,563,936,563,936,516,936,633,936,633,936,610,1100,422,1100,422,1100,422,1194,446,1194,446,1194,469,1311,493,1311,493,1287,516,1006,540,1006,540,1006,540,1006,657,1006,657,1006,657,1030,774,1030,774,1030,774,1077,540,1077,540,1077,540,1100,633,1100,633,1100,633,1100,704,1100,704,1100,680,1030,469,1030,469,0,0,1053,446,1053,446,1030,469,1006,446,1006,446,1006,446,1053,469,1053,469,1030,446,23,0,23,0,23,0
violent,1030,469,1006,469,1006,469,1030,422,1030,422,1030,422,960,446,960,422,960,422,936,516,936,493,936,493,936,586,913,563,913,563,1077,422,1100,422,1100,422,1170,469,1194,493,1194,493,0,0,1240,586,1217,610,1006,540,1006,540,1006,540,1006,657,1006,657,1006,657,1030,751,1030,751,1030,751,1077,540,1077,540,1077,540,1100,633,1100,657,1100,633,1100,680,1100,657,1100,657,1030,469,1006,469,1006,446,1030,469,1030,469,1030,446,1006,446,983,446,983,422,1053,446,1053,446,1053,422,1053,986,936,868,23,0
violent,1006,469,1030,446,1030,446,1030,399,1030,399,1053,399,960,399,983,399,983,375,936,469,936,469,936,446,913,540,913,516,913,516,1100,422,1100,399,1100,399,1170,493,1170,516,1147,516,1194,610,1170,610,1123,610,1006,540,1006,540,1006,540,1006,657,1006,657,1006,657,1030,751,1030,751,1030,727,1077,540,1077,540,1100,540,1100,680,1100,657,1100,680,1100,657,1100,657,1100,657,1006,446,1006,422,1030,422,1030,446,1030,446,1030,422,1006,422,1006,399,1006,399,1053,422,1053,422,1053,399,23,0,23,0,23,0
violent,1030,422,1053,422,1053,422,1053,399,1053,375,1053,375,983,375,983,375,1006,375,936,446,960,422,960,422,913,493,913,493,936,469,1100,399,1123,399,1123,399,1147,516,1123,516,1123,516,1100,610,1100,610,1077,586,1030,516,1030,516,1030,516,1006,633,1006,633,1006,633,1030,751,1030,751,1030,751,1100,516,1100,516,1100,516,1100,633,1077,657,1077,610,1100,657,1100,657,1077,633,1030,422,1030,399,1030,399,1053,422,1053,399,1053,399,1006,399,1030,375,1030,375,1077,399,1077,375,1077,375,23,0,23,0,23,0
violent,1053,399,1053,399,1053,399,1077,375,1077,375,1077,375,1006,352,1006,352,1006,352,960,399,960,399,983,399,936,469,936,469,960,446,1123,375,1123,375,1123,375,1123,493,1123,493,1123,493,1053,586,1053,586,1053,563,1030,493,1030,493,1030,493,1006,633,1006,633,1030,633,1030,751,1030,751,1030,751,1100,516,1100,516,1100,516,1030,633,1030,633,1100,610,1030,727,1030,727,1077,633,1030,375,1030,375,1053,375,1053,399,1053,399,1077,375,1030,352,1030,352,1030,352,1100,375,1100,375,1100,352,23,0,23,0,23,0
violent,1077,375,1077,375,1077,352,1077,352,1077,352,1077,352,1030,352,1030,352,1030,328,983,399,1006,399,1006,399,960,446,983,446,983,446,1123,375,1147,352,1147,352,1123,493,1123,493,1123,469,1053,540,1053,540,1053,540,1030,493,1053,493,1053,469,1030,633,1030,633,1030,610,1030,727,1053,633,1030,633,1100,516,1100,493,1123,493,1100,610,1100,586,1100,586,1077,633,1077,633,1077,633,1053,375,1053,352,1053,352,1077,375,1077,352,1077,352,1030,352,1053,328,1053,328,1100,352,1100,328,1100,328,23,0,23,0,23,0
violent,1077,352,1077,352,1077,328,1100,352,1100,328,1100,328,1030,328,1030,328,1030,305,1006,399,1006,375,1030,375,1006,446,1006,446,1006,446,1147,352,1147,352,1147,328,1123,469,1123,469,1147,446,1053,540,1077,540,1123,516,1053,469,1053,469,1053,469,1030,610,1030,610,1030,610,1006,727,1030,610,1030,610,1123,493,1123,469,1123,469,1123,586,1100,563,1100,563,1077,633,1077,633,1077,633,1053,328,1053,328,1053,328,1077,328,1077,328,1077,328,1053,305,1053,305,0,0,1100,328,1123,305,1100,305,23,0,1053,845,1053,845
violent,1077,328,1077,328,1053,305,1100,328,1100,328,1100,305,1030,305,1030,305,1030,305,1030,375,1030,375,1030,352,1030,422,1030,422,1030,422,1147,328,1147,328,1147,328,1147,446,1147,422,1170,399,1123,516,1147,516,1170,493,1053,469,1053,469,1053,469,1030,610,1030,586,1030,586,1030,610,1030,610,1030,610,1123,493,1123,493,1100,469,1100,563,1100,563,1100,563,1077,633,1053,633,1053,633,1053,305,1053,305,1053,305,1077,305,1077,305,1077,305,0,0,1053,281,0,0,1100,281,1100,281,1100,281,1053,845,1030,845,1030,845
violent,1053,305,1053,305,1053,305,1100,305,1100,305,1100,305,1030,305,1030,305,1030,305,1030,352,1030,352,1030,352,1006,422,1006,422,1006,422,1147,328,1147,328,1147,328,1170,399,1170,399,1170,375,1194,446,1194,446,1217,446,1030,469,1030,469,1030,446,1030,586,1030,586,1006,563,1006,680,1006,680,1006,680,1100,469,1100,469,1100,469,1100,563,1100,563,1100,563,1053,633,1053,633,1053,633,1053,305,1053,305,1053,281,1077,305,1077,305,1077,305,0,0,0,0,0,0,1100,281,1100,281,1100,281,23,0,23,0,23,0
violent,1053,305,1053,305,1053,305,1100,305,1077,305,1077,305,1030,305,1030,281,1030,305,1006,352,1006,352,1006,352,1006,399,1006,399,983,399,1147,305,1147,305,1147,305,1194,375,1194,352,1194,352,1217,422,1217,399,1240,399,1030,446,1030,446,1030,446,1006,563,1006,563,1006,563,1006,680,983,657,983,633,1100,469,1100,469,1100,446,1100,563,1100,563,1100,563,1053,633,1053,633,1053,633,1053,305,1053,281,1030,305,1077,305,1077,305,1053,305,1030,281,0,0,0,0,1100,281,1100,281,1100,281,23,0,23,0,23,0
violent,1053,305,1030,305,1030,305,1077,305,1077,305,1053,305,1030,281,1006,281,1006,281,1006,352,983,352,983,352,983,399,960,399,960,422,1147,305,1123,305,1123,305,1194,352,1194,352,1170,352,1240,399,1217,399,1217,399,1030,446,1030,446,1006,446,983,540,983,516,983,540,983,633,960,610,960,610,1100,446,1100,446,1077,446,1077,540,1077,540,1077,540,1053,633,1053,633,1053,633,1030,305,1030,281,1030,305,1053,305,1053,305,1053,305,0,0,1030,258,0,0,1077,281,1077,281,1077,281,936,845,1006,845,1006,845
violent,1006,305,1006,305,983,305,1053,305,1053,305,1030,305,1006,281,983,281,983,305,983,352,960,352,960,352,960,422,936,422,936,422,1123,305,1100,305,1100,305,1170,352,1147,352,1147,352,1217,399,1194,399,1194,422,1006,446,1006,446,1006,446,960,540,960,540,960,540,936,610,936,610,913,633,1077,446,1077,446,1077,446,1077,540,1077,540,1077,540,1053,633,1053,633,1053,633,1006,281,1006,281,983,281,1030,281,1006,281,1006,281,0,0,0,0,0,0,1053,258,1053,258,1030,258,23,0,1006,845,936,845
violent,983,305,983,305,960,305,1030,305,1030,305,1006,305,960,305,960,305,960,305,960,352,960,352,936,352,936,422,936,422,936,422,1077,305,1077,305,1077,305,1123,352,1123,352,1100,375,1170,422,1170,422,1147,446,983,446,983,446,983,446,936,540,936,540,936,540,913,633,913,633,913,633,1053,446,1053,446,1053,446,1077,563,1077,563,1053,540,1053,633,1053,633,1053,633,983,305,983,305,960,305,983,281,983,281,983,281,0,0,0,0,0,0,1006,258,1006,258,1006,258,936,845,983,845,936,845
violent,960,305,936,305,913,305,983,305,983,305,960,305,936,305,936,305,913,305,936,352,913,375,913,352,913,422,913,446,889,422,1053,305,1030,305,1006,305,1077,375,1077,375,1053,399,1100,446,1077,469,1053,469,960,446,960,446,936,446,936,540,913,540,913,540,913,633,913,633,913,633,1030,446,1030,446,1006,446,1053,540,1053,540,1030,540,1053,633,1077,633,1053,633,936,305,913,305,913,305,960,281,936,281,913,305,0,0,0,0,0,0,983,258,960,258,960,258,936,845,23,0,23,0
violent,913,305,889,305,866,305,960,305,936,305,936,305,913,305,913,305,889,305,913,352,889,352,889,352,889,422,866,422,866,422,1006,305,983,305,983,305,1030,399,1006,399,983,422,1006,469,983,469,936,493,936,446,936,422,936,422,913,540,913,540,889,516,913,633,913,633,913,633,1006,446,983,446,983,422,1030,540,1030,540,1006,540,1053,633,1053,633,1053,633,889,305,889,305,866,305,913,305,889,305,889,305,0,0,0,0,0,0,936,258,913,281,913,258,23,0,23,0,842,845
violent,866,305,866,305,842,305,913,305,913,305,913,281,889,305,866,305,866,281,889,352,866,352,866,328,866,399,842,399,842,399,960,305,960,305,936,305,983,422,960,399,936,399,913,469,889,469,866,469,913,422,913,446,913,446,889,540,889,540,889,540,913,633,913,633,913,633,983,446,983,446,960,446,1006,540,1006,540,983,540,1053,610,1030,610,1030,610,866,305,842,305,842,281,866,281,866,281,842,281,0,0,0,0,0,0,889,258,889,258,866,258,842,845,842,845,819,845
violent,842,305,819,281,819,281,889,281,889,281,889,281,866,281,866,281,866,281,866,328,866,328,866,328,842,375,842,399,842,399,936,305,936,305,936,305,913,399,913,399,913,399,842,446,842,446,842,446,913,446,889,446,889,446,889,540,889,540,889,540,913,633,913,633,913,633,960,446,960,446,960,446,960,540,960,563,960,563,1006,586,1006,586,1006,586,819,281,819,281,819,281,842,281,819,281,819,281,0,0,0,0,0,0,866,258,866,258,866,258,819,845,819,845,819,845
